{
	"credit": "Made with Blockbench, a free, modern block model editor by JannisX11",
	"textures": {
		"0": "custom/heads/blue_10",
		"particle": "custom/heads/blue_10"
	},
	"elements": [
		{
			"from": [0, 0, -2],
			"to": [16, 16, 18],
			"faces": {
				"north": {"uv": [4, 4, 7, 7], "texture": "#0"},
				"east": {"uv": [0, 4, 4, 7], "texture": "#0"},
				"south": {"uv": [11, 4, 14, 7], "texture": "#0"},
				"west": {"uv": [7, 4, 11, 7], "texture": "#0"},
				"up": {"uv": [4, 0, 7, 4], "texture": "#0", "rotation": 180},
				"down": {"uv": [7, 0, 10, 4], "texture": "#0"}
			}
		},
		{
			"from": [-1.33333, -1.33333, 0.66667],
			"to": [17.33333, 17.33333, 19.33333],
			"faces": {
				"north": {"uv": [3, 10, 6, 13], "texture": "#0", "rotation": 180},
				"east": {"uv": [0, 10, 3, 13], "texture": "#0", "rotation": 180},
				"south": {"uv": [9, 10, 12, 13], "texture": "#0", "rotation": 180},
				"west": {"uv": [6, 10, 9, 13], "texture": "#0", "rotation": 180},
				"up": {"uv": [3, 7, 6, 10], "texture": "#0", "rotation": 180},
				"down": {"uv": [6, 7, 9, 10], "texture": "#0", "rotation": 180}
			}
		}
	],
	"display": {
		"thirdperson_righthand": {
			"scale": [0.375, 0.375, 0.375],
			"rotation": [75, 45, 0],
			"translation": [0, 2.5, 0]
		},
		"thirdperson_lefthand": {
			"scale": [0.375, 0.375, 0.375],
			"rotation": [75, 45, 0],
			"translation": [0, 2.5, 0]
		},
		"firstperson_righthand": {
			"scale": [0.4, 0.4, 0.4],
			"rotation": [0, 45, 0],
			"translation": [0, 0, 0]
		},
		"firstperson_lefthand": {
			"scale": [0.4, 0.4, 0.4],
			"rotation": [0, 225, 0],
			"translation": [0, 0, 0]
		},
		"head": {
			"scale": [0.91, 0.91, 0.91],
			"translation": [0, 0, 0]
		},
		"ground": {
			"scale": [0.25, 0.25, 0.25],
			"rotation": [0, 0, 0],
			"translation": [0, 3, 0]
		},
		"fixed": {
			"scale": [0.5, 0.5, 0.5],
			"rotation": [0, 0, 0],
			"translation": [0, 0, 0]
		},
		"gui": {
			"scale": [0.5, 0.5, 0.5],
			"rotation": [30, 225, 0],
			"translation": [0, 0, 0]
		}
	}
}