{
	"credit": "Made with Blockbench, a free, modern block model editor by JannisX11",
	"textures": {
		"0": "custom/heads/blue_3"
	},
	"elements": [
		{
			"from": [0, 0, 0],
			"to": [16, 16, 16],
			"faces": {
				"north": {"uv": [4, 4, 8, 8], "texture": "#0"},
				"east": {"uv": [0, 4, 4, 8], "texture": "#0"},
				"south": {"uv": [4, 0, 8, 4], "texture": "#0"},
				"west": {"uv": [0, 8, 4, 12], "texture": "#0"},
				"up": {"uv": [0, 0, 4, 4], "texture": "#0", "rotation": 180},
				"down": {"uv": [4, 8, 8, 12], "texture": "#0", "rotation": 180}
			}
		},
		{
			"from": [-0.8, 5.8, -0.8],
			"to": [16.8, 8, 5.8],
			"faces": {
				"north": {"uv": [4, 6, 8, 6.5], "texture": "#0"},
				"east": {"uv": [10.5, 6, 12, 6.5], "texture": "#0"},
				"west": {"uv": [8, 10, 9.5, 10.5], "texture": "#0"},
				"up": {"uv": [8, 0, 12, 1.5], "texture": "#0"},
				"down": {"uv": [0, 0, 16, 6.6], "texture": "#missing"}
			}
		},
		{
			"from": [-0.8, 3.6, -0.8],
			"to": [16.8, 5.8, 14.6],
			"faces": {
				"north": {"uv": [4, 6.5, 8, 7], "texture": "#0"},
				"east": {"uv": [8.5, 6.5, 12, 7], "texture": "#0"},
				"west": {"uv": [8, 10.5, 11.5, 11], "texture": "#0"},
				"up": {"uv": [8, 0, 12, 4], "texture": "#0"},
				"down": {"uv": [0, 0, 16, 15.4], "texture": "#missing"}
			}
		},
		{
			"from": [-0.8, -0.8, -0.8],
			"to": [16.8, 3.6, 16.8],
			"faces": {
				"north": {"uv": [4, 7, 8, 8], "texture": "#0"},
				"east": {"uv": [8, 7, 12, 8], "texture": "#0"},
				"west": {"uv": [8, 11, 12, 12], "texture": "#0"},
				"up": {"uv": [8, 0, 12, 4], "texture": "#0"},
				"down": {"uv": [12, 8, 16, 12], "texture": "#0", "rotation": 180}
			}
		}
	],
	"display": {
		"thirdperson_righthand": {
			"scale": [0.375, 0.375, 0.375],
			"rotation": [75, 45, 0],
			"translation": [0, 2.5, 0]
		},
		"thirdperson_lefthand": {
			"scale": [0.375, 0.375, 0.375],
			"rotation": [75, 45, 0],
			"translation": [0, 2.5, 0]
		},
		"firstperson_righthand": {
			"scale": [0.4, 0.4, 0.4],
			"rotation": [0, 45, 0],
			"translation": [0, 0, 0]
		},
		"firstperson_lefthand": {
			"scale": [0.4, 0.4, 0.4],
			"rotation": [0, 225, 0],
			"translation": [0, 0, 0]
		},
		"head": {
			"scale": [0.91, 0.91, 0.91],
			"translation": [0, 2, 0]
		},
		"ground": {
			"scale": [0.25, 0.25, 0.25],
			"rotation": [0, 0, 0],
			"translation": [0, 3, 0]
		},
		"fixed": {
			"scale": [0.5, 0.5, 0.5],
			"rotation": [0, 0, 0],
			"translation": [0, 0, 0]
		},
		"gui": {
			"scale": [0.5, 0.5, 0.5],
			"rotation": [30, 225, 0],
			"translation": [0, 0, 0]
		}
	}
}