{
	"textures": {
		"0": "custom/heads/blue_4",
		"particle": "custom/heads/blue_4"
	},
	"elements": [
		{
			"name": "cube",
			"from": [0, 0, 0],
			"to": [16, 16, 16],
			"faces": {
				"north": {"uv": [4, 4, 8, 8], "texture": "#0"},
				"east": {"uv": [0, 4, 4, 8], "texture": "#0"},
				"south": {"uv": [4, 8, 8, 12], "texture": "#0"},
				"west": {"uv": [0, 8, 4, 12], "texture": "#0"},
				"up": {
					"uv": [0, 0, 4, 4],
					"texture": "#0",
					"rotation": 180
				},
				"down": {"uv": [4, 0, 8, 4], "texture": "#0"}
			}
		},
		{
			"name": "cube",
			"from": [4, 0, -2],
			"to": [12, 4, 0],
			"faces": {
				"north": {
					"uv": [13, 6.5, 15, 7.5],
					"texture": "#0"
				},
				"east": {"uv": [6.5, 7, 7, 8], "texture": "#0"},
				"west": {"uv": [5, 7, 5.5, 8], "texture": "#0"},
				"up": {"uv": [5, 7, 7, 7.5], "texture": "#0"},
				"down": {"uv": [5, 7.5, 7, 8], "texture": "#0"}
			}
		},
		{
			"name": "cube",
			"from": [2, 16, 10],
			"to": [6, 18, 16],
			"faces": {
				"north": {
					"uv": [2.5, 1, 3.5, 1.5],
					"texture": "#0"
				},
				"east": {
					"uv": [2.5, 0, 3, 1.5],
					"texture": "#0",
					"rotation": 270
				},
				"south": {
					"uv": [2.5, 0, 3.5, 0.5],
					"texture": "#0",
					"rotation": 180
				},
				"west": {
					"uv": [3, 0, 3.5, 1.5],
					"texture": "#0",
					"rotation": 90
				},
				"up": {
					"uv": [2.5, 0, 3.5, 1.5],
					"texture": "#0",
					"rotation": 180
				}
			}
		},
		{
			"name": "cube",
			"from": [10, 16, 10],
			"to": [14, 18, 16],
			"faces": {
				"north": {
					"uv": [0.5, 1, 1.5, 1.5],
					"texture": "#0"
				},
				"east": {
					"uv": [0.5, 0, 1, 1.5],
					"texture": "#0",
					"rotation": 270
				},
				"south": {
					"uv": [0.5, 0, 1.5, 0.5],
					"texture": "#0",
					"rotation": 180
				},
				"west": {
					"uv": [1, 0, 1.5, 1.5],
					"texture": "#0",
					"rotation": 90
				},
				"up": {
					"uv": [0.5, 0, 1.5, 1.5],
					"texture": "#0",
					"rotation": 180
				}
			}
		}
	],
	"display": {
		"thirdperson_righthand": {
			"scale": [0.375, 0.375, 0.375],
			"rotation": [75, 45, 0],
			"translation": [0, 2.5, 0]
		},
		"thirdperson_lefthand": {
			"scale": [0.375, 0.375, 0.375],
			"rotation": [75, 45, 0],
			"translation": [0, 2.5, 0]
		},
		"firstperson_righthand": {
			"scale": [0.4, 0.4, 0.4],
			"rotation": [0, 45, 0],
			"translation": [0, 0, 0]
		},
		"firstperson_lefthand": {
			"scale": [0.4, 0.4, 0.4],
			"rotation": [0, 225, 0],
			"translation": [0, 0, 0]
		},
		"head": {
			"scale": [0.91, 0.91, 0.91],
			"translation": [0, 0, 0]
		},
		"ground": {
			"scale": [0.25, 0.25, 0.25],
			"rotation": [0, 0, 0],
			"translation": [0, 3, 0]
		},
		"fixed": {
			"scale": [0.5, 0.5, 0.5],
			"rotation": [0, 0, 0],
			"translation": [0, 0, 0]
		},
		"gui": {
			"scale": [0.5, 0.5, 0.5],
			"rotation": [30, 225, 0],
			"translation": [0, 0, 0]
		}
	}
}