{
	"textures": {
		"0": "custom/heads/red_5",
		"particle": "custom/heads/red_5"
	},
	"elements": [
		{
			"name": "cube",
			"from": [0, 0, 0],
			"to": [16, 16, 16],
			"faces": {
				"north": {"uv": [4, 4, 8, 8], "texture": "#0"},
				"east": {"uv": [0, 4, 4, 8], "texture": "#0"},
				"south": {"uv": [4, 8, 8, 12], "texture": "#0"},
				"west": {"uv": [0, 8, 4, 12], "texture": "#0"},
				"up": {
					"uv": [0, 0, 4, 4],
					"texture": "#0",
					"rotation": 180
				},
				"down": {"uv": [4, 0, 8, 4], "texture": "#0"}
			}
		},
		{
			"name": "cube",
			"from": [1, -10.375, 3],
			"to": [3, 1.625, 5],
			"faces": {
				"north": {
					"uv": [1.5, 12.5, 2, 15.5],
					"texture": "#0"
				},
				"east": {
					"uv": [1, 12.5, 1.5, 15.5],
					"texture": "#0"
				},
				"south": {
					"uv": [0.5, 12.5, 1, 15.5],
					"texture": "#0"
				},
				"west": {
					"uv": [0, 12.5, 0.5, 15.5],
					"texture": "#0"
				},
				"up": {"uv": [0.5, 12, 1, 12.5], "texture": "#0"},
				"down": {"uv": [1, 12, 1.5, 12.5], "texture": "#0"}
			},
			"rotation": {
				"origin": [9, 7.625, 11],
				"axis": "x",
				"angle": 22.5
			}
		},
		{
			"name": "cube",
			"from": [1, -10.375, 11],
			"to": [3, 1.625, 13],
			"faces": {
				"north": {
					"uv": [0.5, 12.5, 1, 15.5],
					"texture": "#0"
				},
				"east": {
					"uv": [0, 12.5, 0.5, 15.5],
					"texture": "#0"
				},
				"south": {
					"uv": [1.5, 12.5, 2, 15.5],
					"texture": "#0"
				},
				"west": {
					"uv": [1, 12.5, 1.5, 15.5],
					"texture": "#0"
				},
				"up": {
					"uv": [0.5, 12, 1, 12.5],
					"texture": "#0",
					"rotation": 180
				},
				"down": {
					"uv": [1, 12, 1.5, 12.5],
					"texture": "#0",
					"rotation": 180
				}
			},
			"rotation": {
				"origin": [-5, 7.625, 5],
				"axis": "x",
				"angle": -22.5
			}
		},
		{
			"name": "cube",
			"from": [9, -10.375, 3],
			"to": [11, 1.625, 5],
			"faces": {
				"north": {
					"uv": [1.5, 12.5, 2, 15.5],
					"texture": "#0"
				},
				"east": {
					"uv": [1, 12.5, 1.5, 15.5],
					"texture": "#0"
				},
				"south": {
					"uv": [0.5, 12.5, 1, 15.5],
					"texture": "#0"
				},
				"west": {
					"uv": [0, 12.5, 0.5, 15.5],
					"texture": "#0"
				},
				"up": {"uv": [0.5, 12, 1, 12.5], "texture": "#0"},
				"down": {"uv": [1, 12, 1.5, 12.5], "texture": "#0"}
			},
			"rotation": {
				"origin": [17, 7.625, 11],
				"axis": "x",
				"angle": 22.5
			}
		},
		{
			"name": "cube",
			"from": [5, -10.375, 3],
			"to": [7, 1.625, 5],
			"faces": {
				"north": {
					"uv": [1.5, 12.5, 2, 15.5],
					"texture": "#0"
				},
				"east": {
					"uv": [1, 12.5, 1.5, 15.5],
					"texture": "#0"
				},
				"south": {
					"uv": [0.5, 12.5, 1, 15.5],
					"texture": "#0"
				},
				"west": {
					"uv": [0, 12.5, 0.5, 15.5],
					"texture": "#0"
				},
				"up": {"uv": [0.5, 12, 1, 12.5], "texture": "#0"},
				"down": {"uv": [1, 12, 1.5, 12.5], "texture": "#0"}
			},
			"rotation": {
				"origin": [13, 7.625, 11],
				"axis": "x",
				"angle": 22.5
			}
		},
		{
			"name": "cube",
			"from": [13, -10.375, 11],
			"to": [15, 1.625, 13],
			"faces": {
				"north": {
					"uv": [0.5, 12.5, 1, 15.5],
					"texture": "#0"
				},
				"east": {
					"uv": [0, 12.5, 0.5, 15.5],
					"texture": "#0"
				},
				"south": {
					"uv": [1.5, 12.5, 2, 15.5],
					"texture": "#0"
				},
				"west": {
					"uv": [1, 12.5, 1.5, 15.5],
					"texture": "#0"
				},
				"up": {
					"uv": [0.5, 12, 1, 12.5],
					"texture": "#0",
					"rotation": 180
				},
				"down": {
					"uv": [1, 12, 1.5, 12.5],
					"texture": "#0",
					"rotation": 180
				}
			},
			"rotation": {
				"origin": [7, 7.625, 5],
				"axis": "x",
				"angle": -22.5
			}
		},
		{
			"name": "cube",
			"from": [9, -10.375, 11],
			"to": [11, 1.625, 13],
			"faces": {
				"north": {
					"uv": [0.5, 12.5, 1, 15.5],
					"texture": "#0"
				},
				"east": {
					"uv": [0, 12.5, 0.5, 15.5],
					"texture": "#0"
				},
				"south": {
					"uv": [1.5, 12.5, 2, 15.5],
					"texture": "#0"
				},
				"west": {
					"uv": [1, 12.5, 1.5, 15.5],
					"texture": "#0"
				},
				"up": {
					"uv": [0.5, 12, 1, 12.5],
					"texture": "#0",
					"rotation": 180
				},
				"down": {
					"uv": [1, 12, 1.5, 12.5],
					"texture": "#0",
					"rotation": 180
				}
			},
			"rotation": {
				"origin": [3, 7.625, 5],
				"axis": "x",
				"angle": -22.5
			}
		},
		{
			"name": "cube",
			"from": [5, -10.375, 11],
			"to": [7, 1.625, 13],
			"faces": {
				"north": {
					"uv": [0.5, 12.5, 1, 15.5],
					"texture": "#0"
				},
				"east": {
					"uv": [0, 12.5, 0.5, 15.5],
					"texture": "#0"
				},
				"south": {
					"uv": [1.5, 12.5, 2, 15.5],
					"texture": "#0"
				},
				"west": {
					"uv": [1, 12.5, 1.5, 15.5],
					"texture": "#0"
				},
				"up": {
					"uv": [0.5, 12, 1, 12.5],
					"texture": "#0",
					"rotation": 180
				},
				"down": {
					"uv": [1, 12, 1.5, 12.5],
					"texture": "#0",
					"rotation": 180
				}
			},
			"rotation": {
				"origin": [-1, 7.625, 5],
				"axis": "x",
				"angle": -22.5
			}
		},
		{
			"name": "cube",
			"from": [13, -10.375, 3],
			"to": [15, 1.625, 5],
			"faces": {
				"north": {
					"uv": [1.5, 12.5, 2, 15.5],
					"texture": "#0"
				},
				"east": {
					"uv": [1, 12.5, 1.5, 15.5],
					"texture": "#0"
				},
				"south": {
					"uv": [0.5, 12.5, 1, 15.5],
					"texture": "#0"
				},
				"west": {
					"uv": [0, 12.5, 0.5, 15.5],
					"texture": "#0"
				},
				"up": {"uv": [0.5, 12, 1, 12.5], "texture": "#0"},
				"down": {"uv": [1, 12, 1.5, 12.5], "texture": "#0"}
			},
			"rotation": {
				"origin": [21, 7.625, 11],
				"axis": "x",
				"angle": 22.5
			}
		}
	],
	"display": {
		"thirdperson_righthand": {
			"scale": [0.375, 0.375, 0.375],
			"rotation": [75, 45, 0],
			"translation": [0, 2.5, 0]
		},
		"thirdperson_lefthand": {
			"scale": [0.375, 0.375, 0.375],
			"rotation": [75, 45, 0],
			"translation": [0, 2.5, 0]
		},
		"firstperson_righthand": {
			"scale": [0.4, 0.4, 0.4],
			"rotation": [0, 45, 0],
			"translation": [0, 0, 0]
		},
		"firstperson_lefthand": {
			"scale": [0.4, 0.4, 0.4],
			"rotation": [0, 225, 0],
			"translation": [0, 0, 0]
		},
		"head": {
			"scale": [0.91, 0.91, 0.91],
			"translation": [0, 0, 0]
		},
		"ground": {
			"scale": [0.25, 0.25, 0.25],
			"rotation": [0, 0, 0],
			"translation": [0, 3, 0]
		},
		"fixed": {
			"scale": [0.5, 0.5, 0.5],
			"rotation": [0, 0, 0],
			"translation": [0, 0, 0]
		},
		"gui": {
			"scale": [0.5, 0.5, 0.5],
			"rotation": [30, 225, 0],
			"translation": [0, 0, 0]
		}
	}
}