{
	"textures": {
		"0": "custom/heads/red_9",
		"particle": "custom/heads/red_9"
	},
	"elements": [
		{
			"name": "cube",
			"from": [0, 0, 0],
			"to": [16, 16, 16],
			"faces": {
				"north": {"uv": [4, 4, 8, 8], "texture": "#0"},
				"east": {"uv": [0, 4, 4, 8], "texture": "#0"},
				"south": {"uv": [4, 8, 8, 12], "texture": "#0"},
				"west": {"uv": [0, 8, 4, 12], "texture": "#0"},
				"up": {
					"uv": [0, 0, 4, 4],
					"texture": "#0",
					"rotation": 180
				},
				"down": {"uv": [4, 0, 8, 4], "texture": "#0"}
			}
		},
		{
			"name": "cube",
			"from": [
				-0.8000000000000007,
				-0.8000000000000007,
				-0.8000000000000007
			],
			"to": [16.8, 16.8, 16.8],
			"faces": {
				"north": {"uv": [12, 0, 16, 4], "texture": "#0"},
				"east": {"uv": [12, 0, 16, 4], "texture": "#0"},
				"south": {"uv": [12, 0, 16, 4], "texture": "#0"},
				"west": {"uv": [12, 0, 16, 4], "texture": "#0"},
				"up": {
					"uv": [8, 0, 12, 4],
					"texture": "#0",
					"rotation": 180
				},
				"down": {"uv": [8, 0, 12, 4], "texture": "#0"}
			}
		}
	],
	"display": {
		"thirdperson_righthand": {
			"scale": [0.375, 0.375, 0.375],
			"rotation": [75, 45, 0],
			"translation": [0, 2.5, 0]
		},
		"thirdperson_lefthand": {
			"scale": [0.375, 0.375, 0.375],
			"rotation": [75, 45, 0],
			"translation": [0, 2.5, 0]
		},
		"firstperson_righthand": {
			"scale": [0.4, 0.4, 0.4],
			"rotation": [0, 45, 0],
			"translation": [0, 0, 0]
		},
		"firstperson_lefthand": {
			"scale": [0.4, 0.4, 0.4],
			"rotation": [0, 225, 0],
			"translation": [0, 0, 0]
		},
		"head": {
			"scale": [0.91, 0.91, 0.91],
			"translation": [0, 0, 0]
		},
		"ground": {
			"scale": [0.25, 0.25, 0.25],
			"rotation": [0, 0, 0],
			"translation": [0, 3, 0]
		},
		"fixed": {
			"scale": [0.5, 0.5, 0.5],
			"rotation": [0, 0, 0],
			"translation": [0, 0, 0]
		},
		"gui": {
			"scale": [0.5, 0.5, 0.5],
			"rotation": [30, 225, 0],
			"translation": [0, 0, 0]
		}
	}
}