{
	"textures": {
		"0": "custom/heads/red_4",
		"particle": "custom/heads/red_4"
	},
	"elements": [
		{
			"name": "cube",
			"from": [0, 0, 0],
			"to": [16, 16, 16],
			"faces": {
				"north": {"uv": [4, 4, 8, 8], "texture": "#0"},
				"east": {"uv": [0, 4, 4, 8], "texture": "#0"},
				"south": {"uv": [4, 8, 8, 12], "texture": "#0"},
				"west": {"uv": [0, 8, 4, 12], "texture": "#0"},
				"up": {
					"uv": [0, 0, 4, 4],
					"texture": "#0",
					"rotation": 180
				},
				"down": {"uv": [4, 0, 8, 4], "texture": "#0"}
			}
		},
		{
			"name": "cube",
			"from": [4, 2, -6],
			"to": [12, 8, 0],
			"faces": {
				"north": {
					"uv": [2, 14, 3.5, 15.5],
					"texture": "#0"
				},
				"east": {"uv": [0.5, 14, 2, 15.5], "texture": "#0"},
				"west": {"uv": [3.5, 14, 5, 15.5], "texture": "#0"},
				"up": {
					"uv": [2, 12.5, 3.5, 14],
					"texture": "#0",
					"rotation": 180
				},
				"down": {
					"uv": [3.5, 12.5, 5, 14],
					"texture": "#0",
					"rotation": 180
				}
			}
		},
		{
			"name": "cube",
			"from": [12, 16, 4],
			"to": [16, 20, 6],
			"faces": {
				"north": {
					"uv": [8.5, 14.5, 9.5, 15.5],
					"texture": "#0"
				},
				"east": {
					"uv": [8, 14.5, 8.5, 15.5],
					"texture": "#0",
					"rotation": 270
				},
				"south": {
					"uv": [10, 14.5, 11, 15.5],
					"texture": "#0",
					"rotation": 180
				},
				"west": {
					"uv": [8, 14.5, 8.5, 15.5],
					"texture": "#0",
					"rotation": 90
				},
				"up": {
					"uv": [8.5, 14, 9.5, 14.5],
					"texture": "#0",
					"rotation": 180
				}
			}
		},
		{
			"name": "cube",
			"from": [0, 16, 4],
			"to": [4, 20, 6],
			"faces": {
				"north": {
					"uv": [8.5, 14.5, 9.5, 15.5],
					"texture": "#0"
				},
				"east": {
					"uv": [8, 14.5, 8.5, 15.5],
					"texture": "#0",
					"rotation": 270
				},
				"south": {
					"uv": [10, 14.5, 11, 15.5],
					"texture": "#0",
					"rotation": 180
				},
				"west": {
					"uv": [8, 14.5, 8.5, 15.5],
					"texture": "#0",
					"rotation": 90
				},
				"up": {
					"uv": [8.5, 14, 9.5, 14.5],
					"texture": "#0",
					"rotation": 180
				}
			}
		}
	],
	"display": {
		"thirdperson_righthand": {
			"scale": [0.375, 0.375, 0.375],
			"rotation": [75, 45, 0],
			"translation": [0, 2.5, 0]
		},
		"thirdperson_lefthand": {
			"scale": [0.375, 0.375, 0.375],
			"rotation": [75, 45, 0],
			"translation": [0, 2.5, 0]
		},
		"firstperson_righthand": {
			"scale": [0.4, 0.4, 0.4],
			"rotation": [0, 45, 0],
			"translation": [0, 0, 0]
		},
		"firstperson_lefthand": {
			"scale": [0.4, 0.4, 0.4],
			"rotation": [0, 225, 0],
			"translation": [0, 0, 0]
		},
		"head": {
			"scale": [0.91, 0.91, 0.91],
			"translation": [0, 0, 0]
		},
		"ground": {
			"scale": [0.25, 0.25, 0.25],
			"rotation": [0, 0, 0],
			"translation": [0, 3, 0]
		},
		"fixed": {
			"scale": [0.5, 0.5, 0.5],
			"rotation": [0, 0, 0],
			"translation": [0, 0, 0]
		},
		"gui": {
			"scale": [0.5, 0.5, 0.5],
			"rotation": [30, 225, 0],
			"translation": [0, 0, 0]
		}
	}
}