{
	"parent": "block/block",
	"textures": {
		"end_rod": "block/end_rod",
		"particle": "block/end_rod"
	},
	"elements": [
		{
			"name": "cube",
			"from": [6, 0, 6],
			"to": [10, 1, 10],
			"faces": {
				"north": {
					"uv": [2, 6, 6, 7],
					"texture": "#end_rod"
				},
				"east": {"uv": [2, 6, 6, 7], "texture": "#end_rod"},
				"south": {
					"uv": [2, 6, 6, 7],
					"texture": "#end_rod"
				},
				"west": {"uv": [2, 6, 6, 7], "texture": "#end_rod"},
				"up": {"uv": [2, 2, 6, 6], "texture": "#end_rod"},
				"down": {"uv": [6, 6, 2, 2], "texture": "#end_rod"}
			}
		},
		{
			"name": "cube",
			"from": [7, 1, 7],
			"to": [9, 15, 9],
			"faces": {
				"north": {
					"uv": [0, 0, 2, 14],
					"texture": "#end_rod"
				},
				"east": {
					"uv": [0, 0, 2, 14],
					"texture": "#end_rod"
				},
				"south": {
					"uv": [0, 0, 2, 14],
					"texture": "#end_rod"
				},
				"west": {
					"uv": [0, 0, 2, 14],
					"texture": "#end_rod"
				},
				"up": {"uv": [2, 0, 4, 2], "texture": "#end_rod"},
				"down": {"uv": [2, 0, 4, 2], "texture": "#end_rod"}
			}
		},
		{
			"name": "cube",
			"from": [6, 15, 6],
			"to": [10, 16, 10],
			"faces": {
				"north": {
					"uv": [2, 6, 6, 7],
					"texture": "#end_rod"
				},
				"east": {"uv": [2, 6, 6, 7], "texture": "#end_rod"},
				"south": {
					"uv": [2, 6, 6, 7],
					"texture": "#end_rod"
				},
				"west": {"uv": [2, 6, 6, 7], "texture": "#end_rod"},
				"up": {"uv": [2, 2, 6, 6], "texture": "#end_rod"},
				"down": {"uv": [6, 6, 2, 2], "texture": "#end_rod"}
			}
		},
		{
			"name": "cube",
			"from": [7.75, 0.25, 10],
			"to": [8.25, 0.75, 16],
			"faces": {
				"north": {
					"uv": [2, 7, 3, 8],
					"texture": "#end_rod"
				},
				"east": {"uv": [2, 7, 3, 8], "texture": "#end_rod"},
				"south": {
					"uv": [2, 7, 3, 8],
					"texture": "#end_rod"
				},
				"west": {"uv": [2, 7, 3, 8], "texture": "#end_rod"},
				"up": {"uv": [2, 7, 3, 8], "texture": "#end_rod"},
				"down": {"uv": [2, 7, 3, 8], "texture": "#end_rod"}
			}
		},
		{
			"name": "cube",
			"from": [7.75, 15.25, 10],
			"to": [8.25, 15.75, 16],
			"faces": {
				"north": {
					"uv": [2, 7, 3, 8],
					"texture": "#end_rod"
				},
				"east": {"uv": [2, 7, 3, 8], "texture": "#end_rod"},
				"south": {
					"uv": [2, 7, 3, 8],
					"texture": "#end_rod"
				},
				"west": {"uv": [2, 7, 3, 8], "texture": "#end_rod"},
				"up": {"uv": [2, 7, 3, 8], "texture": "#end_rod"},
				"down": {"uv": [2, 7, 3, 8], "texture": "#end_rod"}
			}
		}
	],
	"display": {
		"head": {
			"rotation": [-60, 0, 0],
			"translation": [0, 5, -9],
			"scale": [1, 1, 1]
		},
		"thirdperson_righthand": {
			"rotation": [0, 0, 0],
			"translation": [0, 0, 0],
			"scale": [0.375, 0.375, 0.375]
		}
	},
	"ambientocclusion": false
}