{
	"credit": "Made with Blockbench, a free, modern block model editor by JannisX11",
	"textures": {
		"0": "blocks/wool_colored_white",
		"1": "blocks/web",
		"particle": "blocks/wool_colored_white"
	},
	"elements": [
		{
			"name": "cube",
			"from": [0, 0, 0],
			"to": [16, 2, 16],
			"faces": {
				"north": {"uv": [0, 0, 16, 2], "texture": "#0"},
				"east": {"uv": [0, 0, 16, 2], "texture": "#0"},
				"south": {"uv": [0, 0, 16, 2], "texture": "#0"},
				"west": {"uv": [0, 0, 16, 2], "texture": "#0"},
				"up": {"uv": [0, 0, 16, 16], "texture": "#0"}
			}
		},
		{
			"name": "cube",
			"from": [-15, 0, 0],
			"to": [0, 1.04, 16],
			"faces": {
				"north": {"uv": [1, 15, 16, 16], "texture": "#1"},
				"south": {
					"uv": [1, 0, 16, 1],
					"texture": "#1",
					"rotation": 180
				},
				"west": {
					"uv": [15, 0, 16, 16],
					"texture": "#1",
					"rotation": 90
				},
				"up": {
					"uv": [1, 0, 16, 16],
					"texture": "#1",
					"rotation": 180
				}
			}
		},
		{
			"name": "cube",
			"from": [-11, 0, 16],
			"to": [0, 1, 27],
			"faces": {
				"south": {
					"uv": [5, 0, 16, 1],
					"texture": "#1",
					"rotation": 180
				},
				"west": {
					"uv": [15, 0, 16, 11],
					"texture": "#1",
					"rotation": 90
				},
				"up": {
					"uv": [5, 0, 16, 11],
					"texture": "#1",
					"rotation": 180
				}
			}
		},
		{
			"name": "cube",
			"from": [0, 0.010000000000000009, -15],
			"to": [16, 1.05, 0],
			"faces": {
				"north": {
					"uv": [15, 0, 16, 16],
					"texture": "#1",
					"rotation": 90
				},
				"east": {"uv": [1, 15, 16, 16], "texture": "#1"},
				"west": {
					"uv": [1, 0, 16, 1],
					"texture": "#1",
					"rotation": 180
				},
				"up": {
					"uv": [1, 0, 16, 16],
					"texture": "#1",
					"rotation": 270
				}
			}
		},
		{
			"name": "cube",
			"from": [16, 0.020000000000000018, 0],
			"to": [31, 1.06, 16],
			"faces": {
				"north": {
					"uv": [1, 0, 16, 1],
					"texture": "#1",
					"rotation": 180
				},
				"east": {
					"uv": [15, 0, 16, 16],
					"texture": "#1",
					"rotation": 90
				},
				"south": {"uv": [1, 15, 16, 16], "texture": "#1"},
				"up": {"uv": [1, 0, 16, 16], "texture": "#1"}
			}
		},
		{
			"name": "cube",
			"from": [0, 0.030000000000000027, 16],
			"to": [16, 1.07, 31],
			"faces": {
				"east": {
					"uv": [1, 0, 16, 1],
					"texture": "#1",
					"rotation": 180
				},
				"south": {
					"uv": [15, 0, 16, 16],
					"texture": "#1",
					"rotation": 90
				},
				"west": {"uv": [1, 15, 16, 16], "texture": "#1"},
				"up": {
					"uv": [1, 0, 16, 16],
					"texture": "#1",
					"rotation": 90
				}
			}
		},
		{
			"name": "cube",
			"from": [-11, 0.010000000000000009, -11],
			"to": [0, 1.01, 0],
			"faces": {
				"north": {
					"uv": [15, 0, 16, 11],
					"texture": "#1",
					"rotation": 90
				},
				"west": {
					"uv": [5, 0, 16, 1],
					"texture": "#1",
					"rotation": 180
				},
				"up": {
					"uv": [5, 0, 16, 11],
					"texture": "#1",
					"rotation": 270
				}
			}
		},
		{
			"name": "cube",
			"from": [16, 0.020000000000000018, -11],
			"to": [27, 1.02, 0],
			"faces": {
				"north": {
					"uv": [5, 0, 16, 1],
					"texture": "#1",
					"rotation": 180
				},
				"east": {
					"uv": [15, 0, 16, 11],
					"texture": "#1",
					"rotation": 90
				},
				"up": {"uv": [5, 0, 16, 11], "texture": "#1"}
			}
		},
		{
			"name": "cube",
			"from": [16, 0.030000000000000027, 16],
			"to": [27, 1.03, 27],
			"faces": {
				"east": {
					"uv": [5, 0, 16, 1],
					"texture": "#1",
					"rotation": 180
				},
				"south": {
					"uv": [15, 0, 16, 11],
					"texture": "#1",
					"rotation": 90
				},
				"up": {
					"uv": [5, 0, 16, 11],
					"texture": "#1",
					"rotation": 90
				}
			}
		}
	],
	"display": {
		"gui": {
			"rotation": [30, 225, 0],
			"scale": [0.625, 0.625, 0.625],
			"translation": [0, 0, 0]
		},
		"head": {"translation": [0, 0, 0]},
		"thirdperson_righthand": {
			"scale": [0.375, 0.375, 0.375],
			"rotation": [75, 45, 0],
			"translation": [0, 2.5, 0]
		},
		"fixed": {
			"scale": [0.5, 0.5, 0.5],
			"rotation": [0, 0, 0],
			"translation": [0, 0, 0]
		},
		"ground": {
			"scale": [0.25, 0.25, 0.25],
			"rotation": [0, 0, 0],
			"translation": [0, 3, 0]
		},
		"firstperson_lefthand": {
			"scale": [0.4, 0.4, 0.4],
			"rotation": [0, 225, 0],
			"translation": [0, 4, 0]
		},
		"firstperson_righthand": {
			"scale": [0.4, 0.4, 0.4],
			"translation": [0, 4, 0],
			"rotation": [0, 45, 0]
		},
		"thirdperson_lefthand": {
			"scale": [0.375, 0.375, 0.375],
			"rotation": [75, 45, 0],
			"translation": [0, 2.5, 0]
		}
	},
	"ambientocclusion": false
}