{
	"credit": "Made with Blockbench, a free, modern block model editor by JannisX11",
	"textures": {
		"1": "blocks/tnt_top",
		"particle": "blocks/tnt_top"
	},
	"elements": [
		{
			"name": "cube",
			"from": [1, 0, 1],
			"to": [14, 0.5, 2],
			"faces": {
				"north": {
					"uv": [11, 5, 12, 6],
					"texture": "#1",
					"rotation": 180
				},
				"east": {
					"uv": [11, 5, 12, 6],
					"texture": "#1",
					"rotation": 90
				},
				"south": {"uv": [11, 5, 12, 6], "texture": "#1"},
				"west": {
					"uv": [11, 5, 12, 6],
					"texture": "#1",
					"rotation": 270
				},
				"up": {"uv": [11, 5, 12, 6], "texture": "#1"},
				"down": {"uv": [11, 5, 12, 6], "texture": "#1"}
			}
		},
		{
			"name": "cube",
			"from": [14, 0, 1],
			"to": [15, 0.5, 14],
			"faces": {
				"north": {"uv": [12, 6, 13, 7], "texture": "#1"},
				"east": {"uv": [12, 6, 13, 7], "texture": "#1"},
				"south": {"uv": [12, 6, 13, 7], "texture": "#1"},
				"west": {"uv": [12, 6, 13, 7], "texture": "#1"},
				"up": {"uv": [12, 6, 13, 7], "texture": "#1"},
				"down": {"uv": [12, 6, 13, 7], "texture": "#1"}
			}
		},
		{
			"name": "cube",
			"from": [1, 0, 2],
			"to": [2, 0.5, 15],
			"faces": {
				"north": {"uv": [12, 6, 13, 7], "texture": "#1"},
				"east": {"uv": [12, 6, 13, 7], "texture": "#1"},
				"south": {"uv": [12, 6, 13, 7], "texture": "#1"},
				"west": {"uv": [12, 6, 13, 7], "texture": "#1"},
				"up": {"uv": [12, 6, 13, 7], "texture": "#1"},
				"down": {"uv": [12, 6, 13, 7], "texture": "#1"}
			}
		},
		{
			"name": "cube",
			"from": [2, 0, 14],
			"to": [15, 0.5, 15],
			"faces": {
				"north": {
					"uv": [12, 6, 13, 7],
					"texture": "#1",
					"rotation": 180
				},
				"east": {
					"uv": [12, 6, 13, 7],
					"texture": "#1",
					"rotation": 180
				},
				"south": {
					"uv": [12, 6, 13, 7],
					"texture": "#1",
					"rotation": 180
				},
				"west": {
					"uv": [12, 6, 13, 7],
					"texture": "#1",
					"rotation": 180
				},
				"up": {
					"uv": [12, 6, 13, 7],
					"texture": "#1",
					"rotation": 180
				},
				"down": {
					"uv": [12, 6, 13, 7],
					"texture": "#1",
					"rotation": 180
				}
			}
		},
		{
			"name": "cube",
			"from": [2, 0, 2],
			"to": [14, 0.25, 14],
			"faces": {
				"north": {
					"uv": [0, 0, 12, 0.25],
					"texture": "#missing"
				},
				"east": {
					"uv": [0, 0, 12, 0.25],
					"texture": "#missing"
				},
				"south": {
					"uv": [0, 0, 12, 0.25],
					"texture": "#missing"
				},
				"west": {
					"uv": [0, 0, 12, 0.25],
					"texture": "#missing"
				},
				"up": {"uv": [0, 0, 16, 16], "texture": "#1"},
				"down": {"uv": [0, 0, 16, 16], "texture": "#1"}
			}
		}
	],
	"display": {
		"thirdperson_righthand": {
			"scale": [0.375, 0.375, 0.375],
			"rotation": [75, 45, 0],
			"translation": [0, 2.5, 3]
		},
		"firstperson_righthand": {
			"scale": [0.4, 0.4, 0.4],
			"rotation": [0, 45, 0],
			"translation": [0, 4, 0]
		},
		"firstperson_lefthand": {
			"scale": [0.4, 0.4, 0.4],
			"rotation": [0, 225, 0],
			"translation": [0, 4, 0]
		},
		"thirdperson_lefthand": {
			"scale": [0.375, 0.375, 0.375],
			"translation": [0, 2.5, 3],
			"rotation": [75, 45, 0]
		},
		"head": {"scale": [1, 1, 1]},
		"ground": {
			"scale": [0.25, 0.25, 0.25],
			"rotation": [0, 0, 0],
			"translation": [0, 3, 0]
		},
		"fixed": {
			"scale": [0.5, 0.5, 0.5],
			"rotation": [0, 0, 0],
			"translation": [0, 0, 0]
		},
		"gui": {
			"rotation": [30, 225, 0],
			"translation": [0, 0, 0],
			"scale": [0.625, 0.625, 0.625]
		}
	}
}