{
	"textures": {"0": "custom/heads/blue_3"},
	"elements": [
		{
			"name": "Cube",
			"from": [0, -5, 0],
			"to": [16, 15, 16],
			"faces": {
				"north": {"uv": [1, 1, 2, 2.25], "texture": "#0"},
				"east": {"uv": [0, 1, 1, 2.25], "texture": "#0"},
				"south": {"uv": [3, 1, 4, 2.25], "texture": "#0"},
				"west": {"uv": [2, 1, 3, 2.25], "texture": "#0"},
				"up": {"uv": [1, 0, 2, 1], "texture": "#0"},
				"down": {"uv": [2, 0, 3, 1], "texture": "#0"}
			}
		},
		{
			"name": "Cube",
			"from": [6, -7, -4],
			"to": [10, 1, 0],
			"faces": {
				"north": {
					"uv": [3.25, 0.25, 3.5, 0.75],
					"texture": "#0"
				},
				"east": {
					"uv": [3, 0.25, 3.25, 0.75],
					"texture": "#0"
				},
				"south": {
					"uv": [3.75, 0.25, 4, 0.75],
					"texture": "#0"
				},
				"west": {
					"uv": [3.5, 0.25, 3.75, 0.75],
					"texture": "#0"
				},
				"up": {"uv": [3.25, 0, 3.5, 0.25], "texture": "#0"},
				"down": {
					"uv": [3.5, 0, 3.75, 0.25],
					"texture": "#0"
				}
			}
		}
	],
	"display": {
		"thirdperson_righthand": {
			"scale": [0.375, 0.375, 0.375],
			"rotation": [75, 45, 0],
			"translation": [0, 2.5, 0]
		},
		"thirdperson_lefthand": {
			"scale": [0.375, 0.375, 0.375],
			"rotation": [75, 45, 0],
			"translation": [0, 2.5, 0]
		},
		"firstperson_righthand": {
			"scale": [0.4, 0.4, 0.4],
			"rotation": [0, 45, 0],
			"translation": [0, 0, 0]
		},
		"firstperson_lefthand": {
			"scale": [0.4, 0.4, 0.4],
			"rotation": [0, 225, 0],
			"translation": [0, 0, 0]
		},
		"head": {
            "rotation":  [ -30, 0, 0 ],
            "scale": [2, 2, 2],
            "translation": [0, -37.60, -4]
		},
		"ground": {
			"scale": [0.25, 0.25, 0.25],
			"rotation": [0, 0, 0],
			"translation": [0, 3, 0]
		},
		"fixed": {
			"scale": [0.5, 0.5, 0.5],
			"rotation": [0, 0, 0],
			"translation": [0, 0, 0]
		},
		"gui": {
			"scale": [0.5, 0.5, 0.5],
			"rotation": [30, 225, 0],
			"translation": [0, 0, 0]
		}
	}
}