{
	"textures": {
		"1": "custom/heads/blue_1",
		"particle": "custom/heads/blue_1"
	},
	"elements": [
		{
			"name": "Cube",
			"from": [0, -4, 0],
			"to": [16, 15.989999999999998, 16],
			"faces": {
				"north": {
					"uv": [
						2,
						2,
						3.9999999999999996,
						4.499999999999998
					],
					"texture": "#1"
				},
				"east": {
					"uv": [0, 2, 2, 4.500000000000002],
					"texture": "#1"
				},
				"south": {"uv": [6, 2, 8, 4.5], "texture": "#1"},
				"west": {
					"uv": [4, 2, 6, 4.499999999999998],
					"texture": "#1"
				},
				"up": {"uv": [2, 0, 4, 2], "texture": "#1"},
				"down": {"uv": [4, 0, 6, 2], "texture": "#1"}
			}
		},
		{
			"name": "Cube",
			"from": [6, -6, -4],
			"to": [10, 2, 0],
			"faces": {
				"north": {
					"uv": [
						6.499999999999998,
						0.5,
						7,
						1.4999999999999982
					],
					"texture": "#1"
				},
				"east": {
					"uv": [
						6,
						0.5,
						6.500000000000002,
						1.5000000000000018
					],
					"texture": "#1"
				},
				"south": {
					"uv": [7.499999999999998, 0.5, 8, 1.5],
					"texture": "#1"
				},
				"west": {
					"uv": [
						7,
						0.5,
						7.500000000000002,
						1.4999999999999982
					],
					"texture": "#1"
				},
				"up": {
					"uv": [
						6.500000000000002,
						2.7755575615628914e-17,
						7.0000000000000036,
						0.5000000000000001
					],
					"texture": "#1"
				},
				"down": {
					"uv": [
						7,
						0,
						7.500000000000002,
						0.5000000000000001
					],
					"texture": "#1"
				}
			}
		},
		{
			"name": "Cube",
			"from": [-2, 12, -2],
			"to": [18, 16, 18],
			"faces": {
				"north": {
					"uv": [2.5, 10, 5, 10.5],
					"texture": "#1"
				},
				"east": {"uv": [0, 10, 2.5, 10.5], "texture": "#1"},
				"south": {
					"uv": [7.5, 10, 10, 10.5],
					"texture": "#1"
				},
				"west": {"uv": [5, 10, 7.5, 10.5], "texture": "#1"},
				"up": {
					"uv": [2.5, 7.75, 5, 10.25],
					"texture": "#1"
				},
				"down": {"uv": [5, 7.5, 7.5, 10], "texture": "#1"}
			}
		},
		{
			"name": "Cube",
			"from": [
				0.9999999850988388,
				15.399999991059303,
				0.9999999850988388
			],
			"to": [
				14.999999985098839,
				23.399999991059303,
				14.999999985098839
			],
			"faces": {
				"north": {
					"uv": [1.75, 12.25, 3.5, 13.25],
					"texture": "#1"
				},
				"east": {
					"uv": [2.7755575615628914e-17, 12.25, 1.75, 13.25],
					"texture": "#1"
				},
				"south": {
					"uv": [5.25, 12.25, 7, 13.25],
					"texture": "#1"
				},
				"west": {
					"uv": [3.5, 12.25, 5.25, 13.25],
					"texture": "#1"
				},
				"up": {"uv": [2.5, 7.5, 5, 10], "texture": "#1"},
				"down": {"uv": [5, 7.5, 7.5, 10], "texture": "#1"}
			}
		},
		{
			"name": "Cube",
			"from": [8, 19, 3.9999999701976776],
			"to": [16, 29, 11.999999970197678],
			"faces": {
				"north": {
					"uv": [2.5, 7.5, 5, 9.999999999999998],
					"texture": "#1"
				},
				"east": {"uv": [2.5, 7.5, 5, 10], "texture": "#1"},
				"south": {"uv": [2.5, 7.5, 5, 10], "texture": "#1"},
				"west": {"uv": [2.5, 7.5, 5, 10], "texture": "#1"},
				"up": {"uv": [2.5, 7.5, 5, 10], "texture": "#1"},
				"down": {"uv": [5, 7.5, 7.5, 10], "texture": "#1"}
			},
			"rotation": {
				"origin": [8, 12, 8],
				"axis": "z",
				"angle": 22.5
			}
		},
		{
			"name": "Cube",
			"from": [16.99999998509884, 20, 6.999999955296516],
			"to": [18.99999998509884, 30, 8.999999955296516],
			"faces": {
				"north": {
					"uv": [2.5, 7.5, 5, 9.999999999999998],
					"texture": "#1"
				},
				"east": {"uv": [2.5, 7.5, 5, 10], "texture": "#1"},
				"south": {"uv": [2.5, 7.5, 5, 10], "texture": "#1"},
				"west": {"uv": [2.5, 7.5, 5, 10], "texture": "#1"},
				"up": {"uv": [2.5, 7.5, 5, 10], "texture": "#1"},
				"down": {"uv": [5, 7.5, 7.5, 10], "texture": "#1"}
			},
			"rotation": {
				"origin": [8, 12, 8],
				"axis": "z",
				"angle": 45
			}
		},
		{
			"name": "Cube",
			"from": [6.600000008940697, -4, -4.999999985098839],
			"to": [7.5999999940395355, -3.000000014901161, -4],
			"faces": {
				"north": {
					"uv": [0.25, 0.25, 0.5, 0.5],
					"texture": "#1"
				},
				"east": {
					"uv": [0, 0.25, 0.25, 0.5000000000000018],
					"texture": "#1"
				},
				"south": {"uv": [0, 0, 0, 0], "texture": "#1"},
				"west": {
					"uv": [0.5, 0.25, 0.75, 0.5],
					"texture": "#1"
				},
				"up": {
					"uv": [0.25, 2.7755575615628914e-17, 0.5, 0.25],
					"texture": "#1"
				},
				"down": {
					"uv": [0.5, 0, 0.75, 0.25],
					"texture": "#1"
				}
			}
		}
	],
	"display": {
		"thirdperson_righthand": {
			"scale": [0.375, 0.375, 0.375],
			"rotation": [75, 45, 0],
			"translation": [0, 2.5, 0]
		},
		"thirdperson_lefthand": {
			"scale": [0.375, 0.375, 0.375],
			"rotation": [75, 45, 0],
			"translation": [0, 2.5, 0]
		},
		"firstperson_righthand": {
			"scale": [0.4, 0.4, 0.4],
			"rotation": [0, 45, 0],
			"translation": [0, 0, 0]
		},
		"firstperson_lefthand": {
			"scale": [0.4, 0.4, 0.4],
			"rotation": [0, 225, 0],
			"translation": [0, 0, 0]
		},
		"head": {
            "rotation":  [ -30, 0, 0 ],
            "scale": [2, 2, 2],
            "translation": [0, -37.60, -4]
		},
		"ground": {
			"scale": [0.25, 0.25, 0.25],
			"rotation": [0, 0, 0],
			"translation": [0, 3, 0]
		},
		"fixed": {
			"scale": [0.5, 0.5, 0.5],
			"rotation": [0, 0, 0],
			"translation": [0, 0, 0]
		},
		"gui": {
			"scale": [0.5, 0.5, 0.5],
			"rotation": [30, 225, 0],
			"translation": [0, 0, 0]
		}
	}
}