{
	"textures": {
		"0": "custom/mapdisplay/0",
		"1": "block/stone",
		"particle": "custom/mapdisplay/0"
	},
	"elements": [
		{
			"name": "cube",
			"from": [-16, -16, 15],
			"to": [32, 32, 16],
			"faces": {
				"north": {"uv": [0, 0, 16, 16], "texture": "#0"},
				"east": {"uv": [0, 0, 1, 16], "texture": "#1"},
				"south": {"uv": [0, 0, 16, 16], "texture": "#1"},
				"west": {"uv": [0, 0, 1, 16], "texture": "#1"},
				"up": {"uv": [0, 0, 16, 1], "texture": "#1"},
				"down": {"uv": [0, 0, 16, 1], "texture": "#1"}
			}
		}
	],
	"display": {
		"thirdperson_righthand": {"scale": [0.2, 0.2, 0.2]},
		"ground": {
			"scale": [0.25, 0.25, 0.25],
			"rotation": [0, 0, 0],
			"translation": [0, 3, 0]
		},
		"fixed": {
			"scale": [2.1, 2.1, 2.1],
			"translation": [0, 0, -16]
		},
		"gui": {
			"scale": [0.3, 0.3, 0.3],
			"translation": [0, 0, 0],
			"rotation": [0, 180, 0]
		},
		"head": {
			"scale": [4, 4, 4],
			"translation": [0, 32, 0]
		},
		"firstperson_lefthand": {
			"translation": [0, 0, 0],
			"scale": [0.2, 0.2, 0.2]
		},
		"firstperson_righthand": {"scale": [0.2, 0.2, 0.2]},
		"thirdperson_lefthand": {"scale": [0.2, 0.2, 0.2]}
	}
}