{
	"textures": {
		"0": "custom/zaptop",
		"1": "custom/zapside",
		"particle": "custom/zaptop"
	},
	"elements": [
		{
			"name": "cube",
			"from": [0, 0, 0],
			"to": [16, 2, 16],
			"faces": {
				"north": {
					"uv": [0, 2, 16, 0],
					"texture": "#0",
					"rotation": 180
				},
				"east": {
					"uv": [16, 0, 14, 16],
					"texture": "#0",
					"rotation": 90
				},
				"south": {"uv": [0, 16, 16, 14], "texture": "#0"},
				"west": {
					"uv": [2, 0, 0, 16],
					"texture": "#0",
					"rotation": 270
				},
				"up": {"uv": [0, 0, 16, 16], "texture": "#0"},
				"down": {"uv": [0, 0, 16, 16], "texture": "#0"}
			}
		},
		{
			"name": "cube",
			"from": [3, 2, 6],
			"to": [8, 3, 10],
			"faces": {
				"north": {"uv": [0, 0, 5, 1], "texture": "#1"},
				"east": {"uv": [0, 0, 4, 1], "texture": "#1"},
				"south": {"uv": [0, 0, 5, 1], "texture": "#1"},
				"west": {"uv": [0, 0, 4, 1], "texture": "#1"},
				"up": {
					"uv": [0, 0, 5, 5],
					"texture": "#1",
					"rotation": 270
				},
				"down": {"uv": [0, 0, 5, 4], "texture": "#missing"}
			},
			"rotation": {
				"origin": [8, 8, 8],
				"axis": "z",
				"angle": -22.5
			}
		},
		{
			"name": "cube",
			"from": [6, 2, 3],
			"to": [10, 3, 8],
			"faces": {
				"north": {"uv": [0, 0, 4, 1], "texture": "#1"},
				"east": {"uv": [0, 0, 5, 1], "texture": "#1"},
				"south": {"uv": [0, 0, 4, 1], "texture": "#1"},
				"west": {"uv": [0, 0, 5, 1], "texture": "#1"},
				"up": {"uv": [0, 0, 5, 5], "texture": "#1"},
				"down": {
					"uv": [0, 0, 5, 4],
					"texture": "#missing",
					"rotation": 270
				}
			},
			"rotation": {
				"origin": [8, 8, 8],
				"axis": "x",
				"angle": 22.5
			}
		},
		{
			"name": "cube",
			"from": [8, 2, 6],
			"to": [13, 3, 10],
			"faces": {
				"north": {"uv": [0, 0, 5, 1], "texture": "#1"},
				"east": {"uv": [0, 0, 4, 1], "texture": "#1"},
				"south": {"uv": [0, 0, 5, 1], "texture": "#1"},
				"west": {"uv": [0, 0, 4, 1], "texture": "#1"},
				"up": {
					"uv": [0, 0, 5, 5],
					"texture": "#1",
					"rotation": 90
				},
				"down": {
					"uv": [0, 0, 5, 4],
					"texture": "#missing",
					"rotation": 180
				}
			},
			"rotation": {
				"origin": [8, 8, 8],
				"axis": "z",
				"angle": 22.5
			}
		},
		{
			"name": "cube",
			"from": [8, 2, 10],
			"to": [12, 3, 15],
			"faces": {
				"north": {"uv": [0, 0, 4, 1], "texture": "#1"},
				"east": {"uv": [0, 0, 5, 1], "texture": "#1"},
				"south": {"uv": [0, 0, 4, 1], "texture": "#1"},
				"west": {"uv": [0, 0, 5, 1], "texture": "#1"},
				"up": {
					"uv": [0, 0, 5, 5],
					"texture": "#1",
					"rotation": 180
				},
				"down": {
					"uv": [0, 0, 5, 4],
					"texture": "#missing",
					"rotation": 90
				}
			},
			"rotation": {
				"origin": [10, 8, 10],
				"axis": "y",
				"angle": 45
			}
		},
		{
			"name": "cube",
			"from": [6, 2, 8],
			"to": [10, 3, 13],
			"faces": {
				"north": {"uv": [0, 0, 4, 1], "texture": "#1"},
				"east": {"uv": [0, 0, 5, 1], "texture": "#1"},
				"south": {"uv": [0, 0, 4, 1], "texture": "#1"},
				"west": {"uv": [0, 0, 5, 1], "texture": "#1"},
				"up": {
					"uv": [0, 0, 5, 5],
					"texture": "#1",
					"rotation": 180
				},
				"down": {
					"uv": [0, 0, 5, 4],
					"texture": "#missing",
					"rotation": 90
				}
			},
			"rotation": {
				"origin": [8, 8, 8],
				"axis": "x",
				"angle": -22.5
			}
		},
		{
			"name": "cube",
			"from": [1, 2, 8],
			"to": [6, 3, 12],
			"faces": {
				"north": {"uv": [0, 0, 5, 1], "texture": "#1"},
				"east": {"uv": [0, 0, 4, 1], "texture": "#1"},
				"south": {"uv": [0, 0, 5, 1], "texture": "#1"},
				"west": {"uv": [0, 0, 4, 1], "texture": "#1"},
				"up": {
					"uv": [0, 0, 5, 5],
					"texture": "#1",
					"rotation": 270
				},
				"down": {"uv": [0, 0, 5, 4], "texture": "#missing"}
			},
			"rotation": {
				"origin": [6, 8, 10],
				"axis": "y",
				"angle": 45
			}
		},
		{
			"name": "cube",
			"from": [4, 2, 1],
			"to": [8, 3, 6],
			"faces": {
				"north": {"uv": [0, 0, 4, 1], "texture": "#1"},
				"east": {"uv": [0, 0, 5, 1], "texture": "#1"},
				"south": {"uv": [0, 0, 4, 1], "texture": "#1"},
				"west": {"uv": [0, 0, 5, 1], "texture": "#1"},
				"up": {"uv": [0, 0, 5, 5], "texture": "#1"},
				"down": {
					"uv": [0, 0, 5, 4],
					"texture": "#missing",
					"rotation": 270
				}
			},
			"rotation": {
				"origin": [6, 8, 6],
				"axis": "y",
				"angle": 45
			}
		},
		{
			"name": "cube",
			"from": [10, 2, 4],
			"to": [15, 3, 8],
			"faces": {
				"north": {"uv": [0, 0, 5, 1], "texture": "#1"},
				"east": {"uv": [0, 0, 4, 1], "texture": "#1"},
				"south": {"uv": [0, 0, 5, 1], "texture": "#1"},
				"west": {"uv": [0, 0, 4, 1], "texture": "#1"},
				"up": {
					"uv": [0, 0, 5, 5],
					"texture": "#1",
					"rotation": 90
				},
				"down": {
					"uv": [0, 0, 5, 4],
					"texture": "#missing",
					"rotation": 180
				}
			},
			"rotation": {
				"origin": [10, 8, 6],
				"axis": "y",
				"angle": 45
			}
		},
		{
			"name": "cube",
			"from": [6, 2, 6],
			"to": [10, 4, 10],
			"faces": {
				"north": {"uv": [0, 5, 4, 7], "texture": "#1"},
				"east": {"uv": [0, 5, 4, 7], "texture": "#1"},
				"south": {"uv": [0, 5, 4, 7], "texture": "#1"},
				"west": {"uv": [0, 5, 4, 7], "texture": "#1"},
				"up": {"uv": [0, 5, 4, 9], "texture": "#1"},
				"down": {"uv": [0, 5, 4, 9], "texture": "#1"}
			}
		}
	],
	"display": {
		"gui": {
			"rotation": [30, 225, 0],
			"scale": [0.625, 0.625, 0.625],
			"translation": [0, 0, 0]
		},
		"head": {
			"translation": [0, 14.5, 0],
			"scale": [1, 1, 1]
		},
		"thirdperson_righthand": {
			"scale": [0.375, 0.375, 0.375],
			"rotation": [75, 45, 0],
			"translation": [0, 2.5, 0]
		},
		"fixed": {
			"scale": [0.5, 0.5, 0.5],
			"rotation": [0, 0, 0],
			"translation": [0, 0, 0]
		},
		"ground": {
			"scale": [0.25, 0.25, 0.25],
			"rotation": [0, 0, 0],
			"translation": [0, 3, 0]
		},
		"firstperson_lefthand": {
			"scale": [0.4, 0.4, 0.4],
			"rotation": [0, 225, 0],
			"translation": [0, 4, 0]
		},
		"firstperson_righthand": {
			"scale": [0.4, 0.4, 0.4],
			"translation": [0, 4, 0],
			"rotation": [0, 45, 0]
		},
		"thirdperson_lefthand": {
			"scale": [0.375, 0.375, 0.375],
			"rotation": [75, 45, 0],
			"translation": [0, 2.5, 0]
		}
	},
	"ambientocclusion": false
}