{
	"parent": "item/handheld",
	"textures": {
		"layer0": "item/diamond_shovel"
	},
	"overrides": [
		{ "predicate": {"damaged": 0, "damage": 0}, "model": "custom/mapdisplay/0"},
		{ "predicate": {"damaged": 0, "damage": 0.0006402048655569782}, "model": "custom/mapdisplay/0"},
		{ "predicate": {"damaged": 0, "damage": 0.0012804097311139564}, "model": "custom/mapdisplay/1"},
		{ "predicate": {"damaged": 0, "damage": 0.0019206145966709346}, "model": "custom/mapdisplay/2"},
		{ "predicate": {"damaged": 0, "damage": 0.002560819462227913}, "model": "custom/mapdisplay/3"},
		{ "predicate": {"damaged": 0, "damage": 0.003201024327784891}, "model": "custom/mapdisplay/4"},
		{ "predicate": {"damaged": 0, "damage": 0.0038412291933418692}, "model": "custom/mapdisplay/5"}
	]
}