{
	"parent": "item/handheld",
	"textures": {
		"layer0": "item/diamond_hoe"
	},
	"overrides": [
		{ "predicate": {"damaged": 0, "damage": 0}, "model": "custom/head/blue_1"},
		{ "predicate": {"damaged": 0, "damage": 0.0006402048655569782}, "model": "custom/head/blue_1"},
		{ "predicate": {"damaged": 0, "damage": 0.0012804097311139564}, "model": "custom/head/blue_2"},
		{ "predicate": {"damaged": 0, "damage": 0.0019206145966709346}, "model": "custom/head/blue_3"},
		{ "predicate": {"damaged": 0, "damage": 0.002560819462227913}, "model": "custom/head/blue_4"},
		{ "predicate": {"damaged": 0, "damage": 0.003201024327784891}, "model": "custom/head/blue_5"},
		{ "predicate": {"damaged": 0, "damage": 0.0038412291933418692}, "model": "custom/head/blue_6"},
		{ "predicate": {"damaged": 0, "damage": 0.004481434058898847}, "model": "custom/head/blue_7"},
		{ "predicate": {"damaged": 0, "damage": 0.005121638924455826}, "model": "custom/head/blue_8"},
		{ "predicate": {"damaged": 0, "damage": 0.005761843790012804}, "model": "custom/head/red_1"},
		{ "predicate": {"damaged": 0, "damage": 0.006402048655569782}, "model": "custom/head/red_2"},
		{ "predicate": {"damaged": 0, "damage": 0.00704225352112676}, "model": "custom/head/red_3"},
		{ "predicate": {"damaged": 0, "damage": 0.0076824583866837385}, "model": "custom/head/red_4"},
		{ "predicate": {"damaged": 0, "damage": 0.008322663252240717}, "model": "custom/head/red_5"},
		{ "predicate": {"damaged": 0, "damage": 0.008962868117797694}, "model": "custom/head/red_6"},
		{ "predicate": {"damaged": 0, "damage": 0.009603072983354673}, "model": "custom/head/red_7"},
		{ "predicate": {"damaged": 0, "damage": 0.010243277848911651}, "model": "custom/head/red_8"},
		{ "predicate": {"damaged": 0, "damage": 0.01088348271446863}, "model": "custom/head/dev_1"},
		{ "predicate": {"damaged": 0, "damage": 0.011523687580025609}, "model": "custom/head/dev_2"},
		{ "predicate": {"damaged": 0, "damage": 0.012163892445582586}, "model": "custom/head/dev_3"},
		{ "predicate": {"damaged": 0, "damage": 0.012804097311139564}, "model": "custom/head/dev_4"},
		{ "predicate": {"damaged": 0, "damage": 0.013444302176696543}, "model": "custom/head/dev_5"},
		{ "predicate": {"damaged": 0, "damage": 0.01408450704225352}, "model": "custom/head/dev_6"},
		{ "predicate": {"damaged": 0, "damage": 0.014724711907810498}, "model": "custom/head/dev_7"},
		{ "predicate": {"damaged": 0, "damage": 0.015364916773367477}, "model": "custom/head/dev_8"},
		{ "predicate": {"damaged": 0, "damage": 0.016005121638924456}, "model": "custom/head/dev_9"},
		{ "predicate": {"damaged": 0, "damage": 0.016645326504481434}, "model": "custom/head/dev_10"},
		{ "predicate": {"damaged": 0, "damage": 0.017285531370038413}, "model": "custom/head/dev_11"}
	]
}