{
	"parent": "item/handheld",
	"textures": {
		"layer0": "item/iron_hoe"
	},
	"overrides": [
		{ "predicate": {"damaged": 0, "damage": 0}, "model": "custom/head/red_1"},
		{ "predicate": {"damaged": 0, "damage": 0.00398406374501992}, "model": "custom/head/red_1"},
		{ "predicate": {"damaged": 0, "damage": 0.00796812749003984}, "model": "custom/head/red_2"},
		{ "predicate": {"damaged": 0, "damage": 0.01195219123505976}, "model": "custom/head/red_3"},
		{ "predicate": {"damaged": 0, "damage": 0.01593625498007968}, "model": "custom/head/red_4"},
		{ "predicate": {"damaged": 0, "damage": 0.0199203187250996}, "model": "custom/head/red_5"},
		{ "predicate": {"damaged": 0, "damage": 0.02390438247011952}, "model": "custom/head/red_6"},
		{ "predicate": {"damaged": 0, "damage": 0.027888446215139442}, "model": "custom/head/red_7"},
		{ "predicate": {"damaged": 0, "damage": 0.03187250996015936}, "model": "custom/head/red_8"},
		{ "predicate": {"damaged": 0, "damage": 0.03585657370517928}, "model": "custom/head/red_9"},
		{ "predicate": {"damaged": 0, "damage": 0.0398406374501992}, "model": "custom/head/red_10"}
	]
}