{
	"textures": {
		"0": "block/red_wool",
		"1": "block/blue_wool",
		"particle": "block/red_wool"
	},
	"elements": [
		{
			"name": "cube",
			"from": [0, 16, 0],
			"to": [16, 32, 16],
			"faces": {
				"north": {"uv": [0, 0, 16, 16], "texture": "#0"},
				"east": {"uv": [0, 0, 16, 16], "texture": "#0"},
				"south": {"uv": [0, 0, 16, 16], "texture": "#0"},
				"west": {"uv": [0, 0, 16, 16], "texture": "#0"},
				"up": {"uv": [0, 0, 16, 16], "texture": "#0"}
			},
			"type": "cube"
		},
		{
			"name": "cube",
			"from": [0, 0, 0],
			"to": [16, 16, 16],
			"faces": {
				"north": {"uv": [0, 0, 16, 16], "texture": "#1"},
				"east": {"uv": [0, 0, 16, 16], "texture": "#1"},
				"south": {"uv": [0, 0, 16, 16], "texture": "#1"},
				"west": {"uv": [0, 0, 16, 16], "texture": "#1"},
				"down": {"uv": [0, 0, 16, 16], "texture": "#1"}
			},
			"type": "cube"
		}
	],
	"display": {
		"head": {
			"scale": [1.6, 1.6, 1.6],
			"translation": [0, -22, 0]
		}
	}
}