{
	"ambientocclusion": false,
	"textures": {
		"0": "custom/heads/blue_6",
		"1": "custom/heads/red_7",
		"2": "custom/heads/red_8",
		"3": "custom/heads/blue_5",
		"particle": "custom/heads/blue_6"
	},
	"elements": [
		{
			"name": "cube",
			"from": [6, 12, 6],
			"to": [10, 16, 10],
			"faces": {
				"north": {"uv": [4, 4, 8, 8], "texture": "#0"},
				"east": {"uv": [0, 4, 4, 8], "texture": "#0"},
				"south": {"uv": [4, 8, 8, 12], "texture": "#0"},
				"west": {"uv": [0, 8, 4, 12], "texture": "#0"},
				"up": {
					"uv": [0, 0, 4, 4],
					"texture": "#0",
					"rotation": 180
				},
				"down": {"uv": [4, 0, 8, 4], "texture": "#0"}
			},
			"type": "cube"
		},
		{
			"name": "cube",
			"from": [9, 15.5, 6.5],
			"to": [10.5, 17.5, 7],
			"faces": {
				"north": {"uv": [0.5, 13, 2, 15], "texture": "#0"},
				"east": {"uv": [0, 13, 0.5, 15], "texture": "#0"},
				"south": {"uv": [2.5, 13, 4, 15], "texture": "#0"},
				"west": {"uv": [2, 13, 2.5, 15], "texture": "#0"},
				"up": {"uv": [0.5, 12.5, 2, 13], "texture": "#0"}
			},
			"type": "cube"
		},
		{
			"name": "cube",
			"from": [5.5, 15.5, 6.5],
			"to": [7, 17.5, 7],
			"faces": {
				"north": {"uv": [2, 13, 0.5, 15], "texture": "#0"},
				"east": {"uv": [2.5, 13, 2, 15], "texture": "#0"},
				"south": {"uv": [4, 13, 2.5, 15], "texture": "#0"},
				"west": {"uv": [0.5, 13, 0, 15], "texture": "#0"},
				"up": {"uv": [2, 12.5, 0.5, 13], "texture": "#0"}
			},
			"type": "cube"
		},
		{
			"name": "cube",
			"from": [5.9, 4, 5.9],
			"to": [10.1, 8.2, 10.1],
			"faces": {
				"north": {"uv": [12, 0, 16, 4], "texture": "#2"},
				"east": {"uv": [12, 0, 16, 4], "texture": "#2"},
				"south": {"uv": [12, 0, 16, 4], "texture": "#2"},
				"west": {"uv": [12, 0, 16, 4], "texture": "#2"},
				"up": {"uv": [8, 0, 12, 4], "texture": "#2"},
				"down": {"uv": [8, 0, 12, 4], "texture": "#2"}
			},
			"type": "cube"
		},
		{
			"name": "cube",
			"from": [6, 4, 6],
			"to": [10, 8, 10],
			"faces": {
				"north": {"uv": [4, 4, 8, 8], "texture": "#2"},
				"east": {"uv": [0, 4, 4, 8], "texture": "#2"},
				"south": {"uv": [4, 8, 8, 12], "texture": "#2"},
				"west": {"uv": [0, 8, 4, 12], "texture": "#2"},
				"up": {"uv": [0, 0, 4, 4], "texture": "#2"},
				"down": {"uv": [4, 0, 8, 4], "texture": "#2"}
			},
			"type": "cube"
		},
		{
			"name": "cube",
			"from": [6, 0, 6],
			"to": [10, 4, 10],
			"faces": {
				"north": {"uv": [4, 4, 8, 8], "texture": "#1"},
				"east": {"uv": [0, 4, 4, 8], "texture": "#1"},
				"south": {"uv": [4, 8, 8, 12], "texture": "#1"},
				"west": {"uv": [0, 8, 4, 12], "texture": "#1"},
				"up": {"uv": [0, 0, 4, 4], "texture": "#1"},
				"down": {"uv": [4, 0, 8, 4], "texture": "#1"}
			},
			"type": "cube"
		},
		{
			"name": "cube",
			"from": [6, 8, 6],
			"to": [10, 12, 10],
			"faces": {
				"north": {"uv": [4, 4, 8, 8], "texture": "#3"},
				"east": {"uv": [0, 4, 4, 8], "texture": "#3"},
				"south": {"uv": [4, 8, 8, 12], "texture": "#3"},
				"west": {"uv": [0, 8, 4, 12], "texture": "#3"},
				"up": {"uv": [0, 0, 4, 4], "texture": "#3"},
				"down": {"uv": [4, 0, 8, 4], "texture": "#3"}
			},
			"type": "cube"
		}
	],
	"display": {
		"thirdperson_righthand": {
			"scale": [0.375, 0.375, 0.375],
			"rotation": [75, 45, 0],
			"translation": [0, 2.5, 0]
		},
		"thirdperson_lefthand": {
			"scale": [0.375, 0.375, 0.375],
			"rotation": [75, 45, 0],
			"translation": [0, 2.5, 0]
		},
		"firstperson_righthand": {
			"scale": [0.4, 0.4, 0.4],
			"rotation": [0, 45, 0],
			"translation": [0, 0, 0]
		},
		"firstperson_lefthand": {
			"scale": [0.4, 0.4, 0.4],
			"rotation": [0, 225, 0],
			"translation": [0, 0, 0]
		},
		"head": {
			"scale": [3, 3, 3],
			"translation": [0, -10, 0]
		},
		"ground": {
			"scale": [0.25, 0.25, 0.25],
			"rotation": [0, 0, 0],
			"translation": [0, 3, 0]
		},
		"fixed": {
			"scale": [0.5, 0.5, 0.5],
			"rotation": [0, 0, 0],
			"translation": [0, 0, 0]
		},
		"gui": {
			"scale": [0.5, 0.5, 0.5],
			"rotation": [30, 225, 0],
			"translation": [0, 0, 0]
		}
	}
}