{
	"textures": {
		"0": "block/white_wool",
		"1": "block/web",
		"particle": "block/white_wool"
	},
	"elements": [
		{
			"name": "cube",
			"from": [0, 0, 0],
			"to": [16, 2, 16],
			"faces": {
				"north": {"uv": [0, 0, 16, 2], "texture": "#0"},
				"east": {"uv": [0, 0, 16, 2], "texture": "#0"},
				"south": {"uv": [0, 0, 16, 2], "texture": "#0"},
				"west": {"uv": [0, 0, 16, 2], "texture": "#0"},
				"up": {"uv": [0, 0, 16, 16], "texture": "#0"}
			}
		},
		{
			"name": "cube",
			"from": [-3, 0, 8],
			"to": [8, 1, 19],
			"faces": {
				"south": {
					"uv": [5, 0, 16, 1],
					"texture": "#1",
					"rotation": 180
				},
				"west": {
					"uv": [15, 0, 16, 11],
					"texture": "#1",
					"rotation": 90
				},
				"up": {
					"uv": [5, 0, 16, 11],
					"texture": "#1",
					"rotation": 180
				}
			}
		},
		{
			"name": "cube",
			"from": [-3, 0.010000000000000009, -3],
			"to": [8, 1.01, 8],
			"faces": {
				"north": {
					"uv": [15, 0, 16, 11],
					"texture": "#1",
					"rotation": 90
				},
				"west": {
					"uv": [5, 0, 16, 1],
					"texture": "#1",
					"rotation": 180
				},
				"up": {
					"uv": [5, 0, 16, 11],
					"texture": "#1",
					"rotation": 270
				}
			}
		},
		{
			"name": "cube",
			"from": [8, 0.020000000000000018, -3],
			"to": [19, 1.02, 8],
			"faces": {
				"north": {
					"uv": [5, 0, 16, 1],
					"texture": "#1",
					"rotation": 180
				},
				"east": {
					"uv": [15, 0, 16, 11],
					"texture": "#1",
					"rotation": 90
				},
				"up": {"uv": [5, 0, 16, 11], "texture": "#1"}
			}
		},
		{
			"name": "cube",
			"from": [8, 0.030000000000000027, 8],
			"to": [19, 1.03, 19],
			"faces": {
				"east": {
					"uv": [5, 0, 16, 1],
					"texture": "#1",
					"rotation": 180
				},
				"south": {
					"uv": [15, 0, 16, 11],
					"texture": "#1",
					"rotation": 90
				},
				"up": {
					"uv": [5, 0, 16, 11],
					"texture": "#1",
					"rotation": 90
				}
			}
		}
	],
	"display": {
		"gui": {
			"rotation": [30, 225, 0],
			"scale": [0.625, 0.625, 0.625],
			"translation": [0, 0, 0]
		},
		"head": {
			"translation": [0, 0, 0],
			"scale": [1, 1, 1]
		},
		"thirdperson_righthand": {
			"scale": [0.375, 0.375, 0.375],
			"rotation": [75, 45, 0],
			"translation": [0, 2.5, 0]
		},
		"fixed": {
			"scale": [0.5, 0.5, 0.5],
			"rotation": [0, 0, 0],
			"translation": [0, 0, 0]
		},
		"ground": {
			"scale": [0.25, 0.25, 0.25],
			"rotation": [0, 0, 0],
			"translation": [0, 3, 0]
		},
		"firstperson_lefthand": {
			"scale": [0.4, 0.4, 0.4],
			"rotation": [0, 225, 0],
			"translation": [0, 4, 0]
		},
		"firstperson_righthand": {
			"scale": [0.4, 0.4, 0.4],
			"translation": [0, 4, 0],
			"rotation": [0, 45, 0]
		},
		"thirdperson_lefthand": {
			"scale": [0.375, 0.375, 0.375],
			"rotation": [75, 45, 0],
			"translation": [0, 2.5, 0]
		}
	},
	"ambientocclusion": false
}