{
	"credit": "Made with Blockbench, a free, modern block model editor by JannisX11",
	"textures": {
		"0": "custom/heads/blue_7",
		"particle": "custom/heads/blue_7"
	},
	"elements": [
		{
			"from": [6, 2, 6],
			"to": [10, 14, 10],
			"faces": {
				"north": {"uv": [2, 0, 3, 3], "texture": "#0"},
				"east": {"uv": [2, 0, 3, 3], "texture": "#0"},
				"south": {"uv": [2, 0, 3, 3], "texture": "#0"},
				"west": {"uv": [2, 0, 3, 3], "texture": "#0"},
				"up": {"uv": [2, 0, 3, 1], "texture": "#0"},
				"down": {"uv": [2, 0, 3, 1], "texture": "#0"}
			}
		}
	],
	"display": {
		"thirdperson_righthand": {
			"rotation": [90, 0, 0],
			"translation": [0, -2, 6]
		},
		"thirdperson_lefthand": {
			"rotation": [90, 0, 0],
			"translation": [0, -2, 6]
		},
		"gui": {
			"rotation": [30, 225, 0],
			"scale": [0.625, 0.625, 0.625],
			"translation": [0, 0, 0]
		},
		"ground": {
			"translation": [0, 3, 0],
			"scale": [0.25, 0.25, 0.25],
			"rotation": [0, 0, 0]
		},
		"fixed": {
			"rotation": [0, 0, 0],
			"scale": [0.5, 0.5, 0.5],
			"translation": [0, 0, 0]
		}
	}
}