{
	"parent": "item/handheld",
	"textures": {
		"layer0": "item/stone_hoe"
	},
	"overrides": [
		{ "predicate": {"damaged": 0, "damage": 0}, "model": "custom/head/blue_1"},
		{ "predicate": {"damaged": 0, "damage": 0.007575757575757576}, "model": "custom/head/blue_1"},
		{ "predicate": {"damaged": 0, "damage": 0.015151515151515152}, "model": "custom/head/blue_2"},
		{ "predicate": {"damaged": 0, "damage": 0.022727272727272728}, "model": "custom/head/blue_3"},
		{ "predicate": {"damaged": 0, "damage": 0.030303030303030304}, "model": "custom/head/blue_4"},
		{ "predicate": {"damaged": 0, "damage": 0.03787878787878788}, "model": "custom/head/blue_5"},
		{ "predicate": {"damaged": 0, "damage": 0.045454545454545456}, "model": "custom/head/blue_6"},
		{ "predicate": {"damaged": 0, "damage": 0.05303030303030303}, "model": "custom/head/blue_7"},
		{ "predicate": {"damaged": 0, "damage": 0.06060606060606061}, "model": "custom/head/blue_8"},
		{ "predicate": {"damaged": 0, "damage": 0.06818181818181818}, "model": "custom/head/blue_9"},
		{ "predicate": {"damaged": 0, "damage": 0.07575757575757576}, "model": "custom/head/blue_10"}
	]
}